{"cameraMode":{"drawMode":0,"name":"Shaded","section":"Shading Mode"},"sceneLighting":false,"audioPlay":false,"sceneViewState":{"showFog":true,"showMaterialUpdate":false,"showSkybox":false,"showFlares":true,"showImageEffects":true,"showParticleSystems":true},"in2DMode":false,"pivot":{"x":17.829999923706056,"y":3.0724782943725588,"z":-0.33522844314575198},"rotation":{"x":0.034447137266397479,"y":-0.31531238555908205,"z":0.011452212929725647,"w":0.9482952356338501},"size":7.691936492919922,"orthographic":false}